{
  "HTTP Request convertir archivo" : {
    "transaction" : "HTTP Request convertir archivo",
    "sampleCount" : 250,
    "errorCount" : 0,
    "errorPct" : 0.0,
    "meanResTime" : 13069.384000000004,
    "medianResTime" : 13235.5,
    "minResTime" : 3328.0,
    "maxResTime" : 20145.0,
    "pct1ResTime" : 14362.6,
    "pct2ResTime" : 14808.699999999999,
    "pct3ResTime" : 19593.630000000005,
    "throughput" : 1.8044808869384454,
    "receivedKBytesPerSec" : 0.5189151325571659,
    "sentKBytesPerSec" : 43704.928381281396
  },
  "Total" : {
    "transaction" : "Total",
    "sampleCount" : 250,
    "errorCount" : 0,
    "errorPct" : 0.0,
    "meanResTime" : 13069.384000000004,
    "medianResTime" : 13235.5,
    "minResTime" : 3328.0,
    "maxResTime" : 20145.0,
    "pct1ResTime" : 14362.6,
    "pct2ResTime" : 14808.699999999999,
    "pct3ResTime" : 19593.630000000005,
    "throughput" : 1.8044808869384454,
    "receivedKBytesPerSec" : 0.5189151325571659,
    "sentKBytesPerSec" : 43704.928381281396
  }
}