{
  "HTTP Request convertir archivo" : {
    "transaction" : "HTTP Request convertir archivo",
    "sampleCount" : 400,
    "errorCount" : 116,
    "errorPct" : 29.0,
    "meanResTime" : 42366.43249999999,
    "medianResTime" : 21495.5,
    "minResTime" : 3219.0,
    "maxResTime" : 168790.0,
    "pct1ResTime" : 114954.20000000007,
    "pct2ResTime" : 147117.59999999998,
    "pct3ResTime" : 157357.08000000002,
    "throughput" : 0.9007041254500706,
    "receivedKBytesPerSec" : 0.40448124227364746,
    "sentKBytesPerSec" : 21215.33560130163
  },
  "Total" : {
    "transaction" : "Total",
    "sampleCount" : 400,
    "errorCount" : 116,
    "errorPct" : 29.0,
    "meanResTime" : 42366.43249999999,
    "medianResTime" : 21495.5,
    "minResTime" : 3219.0,
    "maxResTime" : 168790.0,
    "pct1ResTime" : 114954.20000000007,
    "pct2ResTime" : 147117.59999999998,
    "pct3ResTime" : 157357.08000000002,
    "throughput" : 0.9007041254500706,
    "receivedKBytesPerSec" : 0.40448124227364746,
    "sentKBytesPerSec" : 21215.33560130163
  }
}