{
  "HTTP Request convertir archivo" : {
    "transaction" : "HTTP Request convertir archivo",
    "sampleCount" : 10,
    "errorCount" : 0,
    "errorPct" : 0.0,
    "meanResTime" : 1075.5,
    "medianResTime" : 1004.5,
    "minResTime" : 916.0,
    "maxResTime" : 1327.0,
    "pct1ResTime" : 1318.7,
    "pct2ResTime" : 1327.0,
    "pct3ResTime" : 1327.0,
    "throughput" : 0.9286775631500742,
    "receivedKBytesPerSec" : 0.26545304954494797,
    "sentKBytesPerSec" : 22492.779531946508
  },
  "Total" : {
    "transaction" : "Total",
    "sampleCount" : 10,
    "errorCount" : 0,
    "errorPct" : 0.0,
    "meanResTime" : 1075.5,
    "medianResTime" : 1004.5,
    "minResTime" : 916.0,
    "maxResTime" : 1327.0,
    "pct1ResTime" : 1318.7,
    "pct2ResTime" : 1327.0,
    "pct3ResTime" : 1327.0,
    "throughput" : 0.9286775631500742,
    "receivedKBytesPerSec" : 0.26545304954494797,
    "sentKBytesPerSec" : 22492.779531946508
  }
}